{"placeableObjectDataCollection":{"13931337-8015-4712-aab9-407e3377f91a":{"direction":0,"gridPosition":{"x":3,"y":0,"z":7,"magnitude":7.615773,"sqrMagnitude":58},"assetIdentifier":"House T6","guid":"13931337-8015-4712-aab9-407e3377f91a"},"c9a5ccd8-759e-4d99-ae08-d9157a93cb2d":{"direction":0,"gridPosition":{"x":4,"y":0,"z":4,"magnitude":5.656854,"sqrMagnitude":32},"assetIdentifier":"House T1","guid":"c9a5ccd8-759e-4d99-ae08-d9157a93cb2d"},"94e11fde-2aba-4df9-8aff-2c8e9e6eb9cb":{"direction":2,"gridPosition":{"x":11,"y":0,"z":1,"magnitude":11.0453606,"sqrMagnitude":122},"assetIdentifier":"House T21","guid":"94e11fde-2aba-4df9-8aff-2c8e9e6eb9cb"},"7cebc5ef-bd3d-4ff9-8448-b49ec3833afd":{"direction":0,"gridPosition":{"x":3,"y":0,"z":0,"magnitude":3.0,"sqrMagnitude":9},"assetIdentifier":"Statue Ring","guid":"7cebc5ef-bd3d-4ff9-8448-b49ec3833afd"},"32bb8359-fe8a-472a-bb16-90310da41617":{"direction":0,"gridPosition":{"x":6,"y":0,"z":4,"magnitude":7.21110249,"sqrMagnitude":52},"assetIdentifier":"House T20","guid":"32bb8359-fe8a-472a-bb16-90310da41617"},"ae5c296c-e83e-475c-82c4-9dc8cf77213d":{"direction":2,"gridPosition":{"x":13,"y":0,"z":5,"magnitude":13.9283886,"sqrMagnitude":194},"assetIdentifier":"Log Stack Large","guid":"ae5c296c-e83e-475c-82c4-9dc8cf77213d"},"9a72d54d-f932-4d49-825c-2d578a377d8a":{"direction":3,"gridPosition":{"x":14,"y":0,"z":3,"magnitude":14.3178215,"sqrMagnitude":205},"assetIdentifier":"Sign","guid":"9a72d54d-f932-4d49-825c-2d578a377d8a"},"36abdd0b-3f9c-408a-8b0c-9f648d5834c9":{"direction":1,"gridPosition":{"x":1,"y":0,"z":0,"magnitude":1.0,"sqrMagnitude":1},"assetIdentifier":"Rocket","guid":"36abdd0b-3f9c-408a-8b0c-9f648d5834c9"},"7a3f9d7c-e9de-4425-b21f-85e755abc47b":{"direction":0,"gridPosition":{"x":11,"y":0,"z":4,"magnitude":11.7046995,"sqrMagnitude":137},"assetIdentifier":"Small Building A","guid":"7a3f9d7c-e9de-4425-b21f-85e755abc47b"},"fa367a2a-17e0-427b-8cd7-9d040ad23b4d":{"direction":0,"gridPosition":{"x":13,"y":0,"z":10,"magnitude":16.40122,"sqrMagnitude":269},"assetIdentifier":"Skyscraper F","guid":"fa367a2a-17e0-427b-8cd7-9d040ad23b4d"},"e8b09896-c667-43d3-8c6f-4c657e287b59":{"direction":2,"gridPosition":{"x":10,"y":0,"z":4,"magnitude":10.7703295,"sqrMagnitude":116},"assetIdentifier":"House T21","guid":"e8b09896-c667-43d3-8c6f-4c657e287b59"},"65f91220-c978-4f3c-9b8c-7fc8ba262081":{"direction":2,"gridPosition":{"x":13,"y":0,"z":2,"magnitude":13.1529465,"sqrMagnitude":173},"assetIdentifier":"Log Stack Large","guid":"65f91220-c978-4f3c-9b8c-7fc8ba262081"},"1046e5c3-f690-4f97-98f0-7077775ad715":{"direction":1,"gridPosition":{"x":15,"y":0,"z":3,"magnitude":15.2970581,"sqrMagnitude":234},"assetIdentifier":"Rocket","guid":"1046e5c3-f690-4f97-98f0-7077775ad715"},"6fbcebfe-1e9c-4b1d-b0f4-16037e2363f6":{"direction":2,"gridPosition":{"x":0,"y":0,"z":7,"magnitude":7.0,"sqrMagnitude":49},"assetIdentifier":"House T1","guid":"6fbcebfe-1e9c-4b1d-b0f4-16037e2363f6"},"9014d92f-c3d0-4229-ab12-cc79bfa6155c":{"direction":0,"gridPosition":{"x":17,"y":0,"z":10,"magnitude":19.7230835,"sqrMagnitude":389},"assetIdentifier":"Skyscraper C","guid":"9014d92f-c3d0-4229-ab12-cc79bfa6155c"},"41a021f5-4dc3-4d98-ad6d-1973deecb203":{"direction":0,"gridPosition":{"x":7,"y":0,"z":2,"magnitude":7.28011,"sqrMagnitude":53},"assetIdentifier":"Large Building F","guid":"41a021f5-4dc3-4d98-ad6d-1973deecb203"},"c22b4138-8f3b-4f84-8450-9c5a095173ca":{"direction":0,"gridPosition":{"x":4,"y":0,"z":10,"magnitude":10.7703295,"sqrMagnitude":116},"assetIdentifier":"House T1","guid":"c22b4138-8f3b-4f84-8450-9c5a095173ca"},"274bacdf-803e-46a4-81eb-8da38fc4a43a":{"direction":0,"gridPosition":{"x":8,"y":0,"z":10,"magnitude":12.8062487,"sqrMagnitude":164},"assetIdentifier":"House T1","guid":"274bacdf-803e-46a4-81eb-8da38fc4a43a"},"97bfe9ff-72da-4ee6-8010-ea3bc3dac3dc":{"direction":0,"gridPosition":{"x":0,"y":0,"z":10,"magnitude":10.0,"sqrMagnitude":100},"assetIdentifier":"House T1","guid":"97bfe9ff-72da-4ee6-8010-ea3bc3dac3dc"},"ddb99be9-651f-4ec4-bdd6-bd81086495cf":{"direction":0,"gridPosition":{"x":8,"y":0,"z":4,"magnitude":8.944272,"sqrMagnitude":80},"assetIdentifier":"Tree Detailed Fall","guid":"ddb99be9-651f-4ec4-bdd6-bd81086495cf"},"d323916f-9359-4ebe-9a45-70a6a80a69cc":{"direction":0,"gridPosition":{"x":10,"y":0,"z":2,"magnitude":10.1980391,"sqrMagnitude":104},"assetIdentifier":"Tree Palm","guid":"d323916f-9359-4ebe-9a45-70a6a80a69cc"},"232106fc-ab92-4872-b501-0886647af5eb":{"direction":0,"gridPosition":{"x":6,"y":0,"z":2,"magnitude":6.3245554,"sqrMagnitude":40},"assetIdentifier":"Tree Palm","guid":"232106fc-ab92-4872-b501-0886647af5eb"},"41b891ba-89c0-4108-aaee-a8e6189ca1c6":{"direction":0,"gridPosition":{"x":17,"y":0,"z":6,"magnitude":18.0277557,"sqrMagnitude":325},"assetIdentifier":"Tree Thin Fall","guid":"41b891ba-89c0-4108-aaee-a8e6189ca1c6"},"bac73ce4-1c65-4e30-b196-78d34d71afe3":{"direction":0,"gridPosition":{"x":6,"y":0,"z":7,"magnitude":9.219544,"sqrMagnitude":85},"assetIdentifier":"House T10","guid":"bac73ce4-1c65-4e30-b196-78d34d71afe3"},"c5301b40-00fb-49e1-b37a-8eaf768437f8":{"direction":0,"gridPosition":{"x":9,"y":0,"z":7,"magnitude":11.4017544,"sqrMagnitude":130},"assetIdentifier":"Large Building A","guid":"c5301b40-00fb-49e1-b37a-8eaf768437f8"},"7c861daa-48ad-4813-8e01-f18d55572a8f":{"direction":0,"gridPosition":{"x":19,"y":0,"z":10,"magnitude":21.470911,"sqrMagnitude":461},"assetIdentifier":"Skyscraper F","guid":"7c861daa-48ad-4813-8e01-f18d55572a8f"},"3869b12b-0fb4-4c81-a9fe-7aa51d38a3c8":{"direction":0,"gridPosition":{"x":14,"y":0,"z":6,"magnitude":15.2315464,"sqrMagnitude":232},"assetIdentifier":"Tree Detailed Dark","guid":"3869b12b-0fb4-4c81-a9fe-7aa51d38a3c8"},"25774604-9192-41e4-bb1e-fc8f8b6f631e":{"direction":2,"gridPosition":{"x":13,"y":0,"z":0,"magnitude":13.0,"sqrMagnitude":169},"assetIdentifier":"Rock Tall A","guid":"25774604-9192-41e4-bb1e-fc8f8b6f631e"},"2d4ed091-1251-4a61-a0e2-250a26cf0017":{"direction":0,"gridPosition":{"x":3,"y":0,"z":4,"magnitude":5.0,"sqrMagnitude":25},"assetIdentifier":"Small Building B","guid":"2d4ed091-1251-4a61-a0e2-250a26cf0017"},"7f0d2339-69b9-423a-a42f-ab7266e9fa89":{"direction":0,"gridPosition":{"x":2,"y":0,"z":3,"magnitude":3.60555124,"sqrMagnitude":13},"assetIdentifier":"Large Building C","guid":"7f0d2339-69b9-423a-a42f-ab7266e9fa89"},"4dc9863b-8e7e-4215-aee6-b0f254968388":{"direction":0,"gridPosition":{"x":9,"y":0,"z":4,"magnitude":9.848858,"sqrMagnitude":97},"assetIdentifier":"House T21","guid":"4dc9863b-8e7e-4215-aee6-b0f254968388"},"a4c72950-394b-42cd-9005-34fb66fbc260":{"direction":0,"gridPosition":{"x":18,"y":0,"z":2,"magnitude":18.1107712,"sqrMagnitude":328},"assetIdentifier":"Tree Thin Dark","guid":"a4c72950-394b-42cd-9005-34fb66fbc260"},"9d186cf5-c04e-47a6-a43e-ab2233cbf849":{"direction":0,"gridPosition":{"x":17,"y":0,"z":1,"magnitude":17.0293865,"sqrMagnitude":290},"assetIdentifier":"Tree Thin Fall","guid":"9d186cf5-c04e-47a6-a43e-ab2233cbf849"},"8e4e5284-c361-462b-b58a-073d7ce09faa":{"direction":1,"gridPosition":{"x":13,"y":0,"z":1,"magnitude":13.0384045,"sqrMagnitude":170},"assetIdentifier":"Log Stack Large","guid":"8e4e5284-c361-462b-b58a-073d7ce09faa"},"f1846748-7fc6-4954-b624-c626139f4e80":{"direction":1,"gridPosition":{"x":13,"y":0,"z":6,"magnitude":14.3178215,"sqrMagnitude":205},"assetIdentifier":"Log Stack Large","guid":"f1846748-7fc6-4954-b624-c626139f4e80"},"f585f639-85a7-4ca5-94f3-5a203bac51ab":{"direction":0,"gridPosition":{"x":15,"y":0,"z":6,"magnitude":16.1554947,"sqrMagnitude":261},"assetIdentifier":"Tree Thin Fall","guid":"f585f639-85a7-4ca5-94f3-5a203bac51ab"},"6a6f906f-a31d-4bb1-a08a-7c08528656e6":{"direction":0,"gridPosition":{"x":15,"y":0,"z":10,"magnitude":18.0277557,"sqrMagnitude":325},"assetIdentifier":"Skyscraper C","guid":"6a6f906f-a31d-4bb1-a08a-7c08528656e6"},"498f5751-a252-427f-9480-dbf36586281a":{"direction":0,"gridPosition":{"x":18,"y":0,"z":3,"magnitude":18.2482872,"sqrMagnitude":333},"assetIdentifier":"Tree Pine A","guid":"498f5751-a252-427f-9480-dbf36586281a"},